journal,doi,title,authors,year,issns,supporting_cites,contrasting_cites,mentioning_cites,total_cites,scite_report_link
monist,10.5840/monist18977231,The Logic of Relatives,"[{'author_name': 'Charles S. Peirce', 'author_slug': 'charles-s-peirce-rLQGRQ', 'author_sequence_number': 1, 'affiliations': [None], 'affiliation_slugs': [None]}]",1897,['0026-9662'],0,0,36,36,https://scite.ai/reports/the-logic-of-relatives-95jKKk
monist,10.5840/monist18966215,On the Part Played by Accident in Invention and Discovery,"[{'author_name': 'Ernst Mach', 'author_slug': 'ernst-mach-1nZbbM', 'author_sequence_number': 1, 'affiliations': [None], 'affiliation_slugs': [None]}]",1896,['0026-9662'],2,0,18,20,https://scite.ai/reports/on-the-part-played-by-dnzL0y
monist,10.5840/monist1898915,On the Foundations of Geometry,"[{'author_name': 'Henri Poincaré', 'author_slug': 'henri-poincare-RMgMA4', 'author_sequence_number': 1, 'affiliations': [None], 'affiliation_slugs': [None]}]",1898,['0026-9662'],0,0,14,14,https://scite.ai/reports/on-the-foundations-of-geometry-kAGLnX
monist,10.1093/monist/9.1.1,On the Foundations of Geometry.,"[{'author_name': 'Henri Poincaré', 'author_slug': 'henri-poincare-RMgMA4', 'author_sequence_number': 1, 'affiliations': [None], 'affiliation_slugs': [None]}]",1898,"['0026-9662', '2153-3601']",0,0,11,12,https://scite.ai/reports/on-the-foundations-of-geometry-n9VR8n
monist,10.5840/monist18922434,The Law of Mind,"[{'author_name': 'Charles S. Peirce', 'author_slug': 'charles-s-peirce-rLQGRQ', 'author_sequence_number': 1, 'affiliations': [None], 'affiliation_slugs': [None]}]",1892,['0026-9662'],0,0,11,11,https://scite.ai/reports/the-law-of-mind-vQ5je2
monist,10.5840/monist18933235,Evolutionary Love,"[{'author_name': 'Charles S. Peirce', 'author_slug': 'charles-s-peirce-rLQGRQ', 'author_sequence_number': 1, 'affiliations': [None], 'affiliation_slugs': [None]}]",1893,['0026-9662'],0,0,8,10,https://scite.ai/reports/evolutionary-love-2d4JYx
monist,10.5840/monist18989117,On Pasigraphy. Its Present State and the Pasigraphic Movement in Italy,"[{'author_name': 'Ernst Schröder', 'author_slug': 'ernst-schroder-G9jG26', 'author_sequence_number': 1, 'affiliations': [None], 'affiliation_slugs': [None]}]",1898,['0026-9662'],0,0,9,9,https://scite.ai/reports/on-pasigraphy-its-present-state-dnzLVj
monist,10.5840/monist18922321,The Doctrine of Necessity Examined,"[{'author_name': 'Charles S. Peirce', 'author_slug': 'charles-s-peirce-DORmX5z', 'author_sequence_number': 1, 'affiliations': [None], 'affiliation_slugs': [None]}]",1892,['0026-9662'],0,0,5,8,https://scite.ai/reports/the-doctrine-of-necessity-examined-lzgLOb
monist,10.5840/monist18933417,Meaning and Metaphor,"[{'author_name': 'Victoria Lady Welby', 'author_slug': 'victoria-lady-welby-3aKXGA', 'author_sequence_number': 1, 'affiliations': [None], 'affiliation_slugs': [None]}]",1893,['0026-9662'],0,0,7,7,https://scite.ai/reports/meaning-and-metaphor-Wy4d0Q
monist,10.5840/monist18988310,Evolution and Ethics,"[{'author_name': 'John Dewey', 'author_slug': 'john-dewey-ANKeM3', 'author_sequence_number': 1, 'affiliations': ['University of Chicago'], 'affiliation_slugs': ['university-of-chicago-6096']}]",1898,['0026-9662'],0,0,7,7,https://scite.ai/reports/evolution-and-ethics-4yX50P
monist,10.5840/monist18967121,The Regenerated Logic,"[{'author_name': 'Charles S. Peirce', 'author_slug': 'Charles S. Peirce', 'author_orcid': None}]",1896,['0026-9662'],0,0,5,5,https://scite.ai/reports/the-regenerated-logic-1EjJJX
monist,10.5840/monist1892221,A Comment by Prof. F. Max Müller Concerning the Discussion on Evolution and Language,"[{'author_name': 'F. Max Müller', 'author_slug': 'F. Max Müller', 'author_orcid': None}]",1892,['0026-9662'],0,0,4,4,https://scite.ai/reports/a-comment-by-prof-f-8kLD6m
monist,10.5840/monist18978125,On Sensations of Orientation,"[{'author_name': 'Ernst Mach', 'author_slug': 'ernst-mach-1nZbbM', 'author_sequence_number': 1, 'affiliations': [None], 'affiliation_slugs': [None]}]",1897,['0026-9662'],1,0,3,4,https://scite.ai/reports/on-sensations-of-orientation-wE52XV
monist,10.5840/monist1895619,"The Darwinism of Darwin, and of the Post-Darwinian Schools","[{'author_name': 'George J. Romanes', 'author_slug': 'george-j-romanes-mej09e', 'author_sequence_number': 1, 'affiliations': [None], 'affiliation_slugs': [None]}]",1895,['0026-9662'],0,0,4,4,https://scite.ai/reports/the-darwinism-of-darwin-and-E9AVNL
monist,10.5840/monist1891136,Illustrative Studies in Criminal Anthropology,"[{'author_name': 'Cesare Lombroso', 'author_slug': 'cesare-lombroso-mdAJdz', 'author_sequence_number': 1, 'affiliations': [None], 'affiliation_slugs': [None]}]",1891,['0026-9662'],0,0,3,4,https://scite.ai/reports/illustrative-studies-in-criminal-anthropology-X8Xdjw
monist,10.5840/monist18912125,The Present Position of Logical Theory,"[{'author_name': 'John Dewey', 'author_slug': 'john-dewey-ANKeM3', 'author_sequence_number': 1, 'affiliations': [None], 'affiliation_slugs': [None]}]",1891,['0026-9662'],0,0,2,3,https://scite.ai/reports/the-present-position-of-logical-gPvLAz
monist,10.5840/monist190011114,Mathematical Principles of Esthetic Forms,"[{'author_name': 'Arnold Emch', 'author_slug': 'arnold-emch-GZ9QNE', 'author_sequence_number': 1, 'affiliations': ['University of Colorado System'], 'affiliation_slugs': ['university-of-colorado-system-AZ4O']}]",1900,['0026-9662'],0,0,3,3,https://scite.ai/reports/mathematical-principles-of-esthetic-forms-KMe3eG
monist,10.5840/monist18933232,A Letter from Mr. Herbert Spencer,"[{'author_name': 'Herbert Spencer', 'author_slug': 'herbert-spencer-gNvKRe', 'author_sequence_number': 1, 'affiliations': [None], 'affiliation_slugs': [None]}]",1893,['0026-9662'],0,0,3,3,https://scite.ai/reports/a-letter-from-mr-herbert-p652Az
monist,10.5840/monist18933314,The Superstition of Necessity,"[{'author_name': 'John Dewey', 'author_slug': 'john-dewey-ANKeM3', 'author_sequence_number': 1, 'affiliations': [None], 'affiliation_slugs': [None]}]",1893,['0026-9662'],0,0,3,3,https://scite.ai/reports/the-superstition-of-necessity-VD2eLM
monist,10.5840/monist18955433,The Science of Mentation,"[{'author_name': 'Elmer Gates', 'author_slug': 'elmer-gates-0xzrl9', 'author_sequence_number': 1, 'affiliations': [None], 'affiliation_slugs': [None]}]",1895,['0026-9662'],0,0,3,3,https://scite.ai/reports/the-science-of-mentation-4yX5Ol
monist,10.5840/monist18944315,The Parliament of Religions,"[{'author_name': 'M. M. Trumbull', 'author_slug': 'm-m-trumbull-GZLMaK', 'author_sequence_number': 1, 'affiliations': [None], 'affiliation_slugs': [None]}]",1894,['0026-9662'],0,0,2,2,https://scite.ai/reports/the-parliament-of-religions-lzgL8r
monist,10.5840/monist18945136,On the Principle of the Conservation of Energy,"[{'author_name': 'Ernst Mach', 'author_slug': 'ernst-mach-1nZbbM', 'author_sequence_number': 1, 'affiliations': ['Charles University'], 'affiliation_slugs': ['charles-university-LD2a']}]",1894,['0026-9662'],0,0,2,2,https://scite.ai/reports/on-the-principle-of-the-eOYLGz
monist,10.5840/monist18955443,The Present Problems of Organic Evolution,"[{'author_name': 'Edward Drinker Cope', 'author_slug': 'edward-drinker-cope-QGYrQw', 'author_sequence_number': 1, 'affiliations': [None], 'affiliation_slugs': [None]}]",1895,['0026-9662'],0,0,2,2,https://scite.ai/reports/the-present-problems-of-organic-1EjJXX
monist,10.5840/monist18911233,Illustrative Studies in Criminal Anthropology,"[{'author_name': 'Cesare T. Lombroso', 'author_slug': 'cesare-t-lombroso-aj58gr', 'author_sequence_number': 1, 'affiliations': [None], 'affiliation_slugs': [None]}]",1891,['0026-9662'],0,0,2,2,https://scite.ai/reports/illustrative-studies-in-criminal-anthropology-wE5212
monist,10.5840/monist1890114,The Magic Mirror,"[{'author_name': 'Max Dessoir', 'author_slug': 'max-dessoir-Y56x1r', 'author_sequence_number': 1, 'affiliations': [None], 'affiliation_slugs': [None]}]",1890,['0026-9662'],0,0,2,2,https://scite.ai/reports/the-magic-mirror-QgjzYJ
monist,10.5840/monist1892313,Man’s Glassy Essence,"[{'author_name': 'Charles S. Peirce', 'author_slug': 'charles-s-peirce-JV3x0ea', 'author_sequence_number': 1, 'affiliations': [None], 'affiliation_slugs': [None]}]",1892,['0026-9662'],0,0,1,2,https://scite.ai/reports/man-s-glassy-essence-0Q5LAA
monist,10.5840/monist18999424,Myths in Animal Psychology,"[{'author_name': 'C. O. Whitman', 'author_slug': 'c-o-whitman-5KwkYA', 'author_sequence_number': 1, 'affiliations': [None], 'affiliation_slugs': [None]}]",1899,['0026-9662'],0,0,2,2,https://scite.ai/reports/myths-in-animal-psychology-3Djy5W
monist,10.5840/monist18966217,Germinal Selection,"[{'author_name': 'August Weismann', 'author_slug': 'august-weismann-ngxZG6', 'author_sequence_number': 1, 'affiliations': [None], 'affiliation_slugs': [None]}]",1896,['0026-9662'],0,0,1,1,https://scite.ai/reports/germinal-selection-yD5l3r
monist,10.5840/monist18988212,On the Philosophy of Laughing,"[{'author_name': 'Paul Carus', 'author_slug': 'paul-carus-dmxN6M', 'author_sequence_number': 1, 'affiliations': [None], 'affiliation_slugs': [None]}, {'author_name': 'Sherwood J. B. Sugden', 'author_slug': 'sherwood-j-b-sugden-VWaYGJ', 'author_sequence_number': 2, 'affiliations': [None], 'affiliation_slugs': [None]}]",1898,['0026-9662'],0,0,1,1,https://scite.ai/reports/on-the-philosophy-of-laughing-KMe3vJ
monist,10.5840/monist190010311,The Two Accounts of Hagar. (Genesis xvi. and xxi. 8-21.),"[{'author_name': 'H. Gunkel', 'author_slug': 'H. Gunkel', 'author_orcid': None}]",1900,['0026-9662'],0,0,1,1,https://scite.ai/reports/the-two-accounts-of-hagar-E9AVAk
monist,10.5840/monist18911335,Innovation and Inertia in the World of Psychology,"[{'author_name': 'Cesare Lombroso', 'author_slug': 'cesare-lombroso-mdAJdz', 'author_sequence_number': 1, 'affiliations': [None], 'affiliation_slugs': [None]}]",1891,['0026-9662'],0,0,1,1,https://scite.ai/reports/innovation-and-inertia-in-the-lzgLWb
monist,10.5840/monist18999421,Biology and Metaphysics,"[{'author_name': 'C. Lloyd Morgan', 'author_slug': 'c-lloyd-morgan-nzKbMn', 'author_sequence_number': 1, 'affiliations': [None, None, None, None, None, 'At Bristol', None, None, 'At Bristol', 'University College, Bristol', None, None, None, 'At Bristol', 'At Bristol', 'At Bristol', 'At Bristol', None, 'At Bristol'], 'affiliation_slugs': [None, None, None, None, None, 'at-bristol-Y0kx', None, None, 'at-bristol-Y0kx', 'university-college-bristol-jXey', None, None, None, 'at-bristol-Y0kx', 'at-bristol-Y0kx', 'at-bristol-Y0kx', 'at-bristol-Y0kx', None, 'at-bristol-Y0kx']}]",1899,['0026-9662'],0,0,1,1,https://scite.ai/reports/biology-and-metaphysics-eOYLvr
monist,10.5840/monist18944428,Prof. Adolf Harnack on the Religion of Science,"[{'author_name': 'Paul Carus', 'author_slug': 'paul-carus-dmxN6M', 'author_sequence_number': 1, 'affiliations': [None], 'affiliation_slugs': [None]}, {'author_name': 'Sherwood J. B. Sugden', 'author_slug': 'sherwood-j-b-sugden-VWaYGJ', 'author_sequence_number': 2, 'affiliations': [None], 'affiliation_slugs': [None]}]",1894,['0026-9662'],0,0,1,1,https://scite.ai/reports/prof-adolf-harnack-on-the-eOYLGK
monist,10.5840/monist18944341,Modern Physiology,"[{'author_name': 'Max Verworn', 'author_slug': 'max-verworn-nj4Pen', 'author_sequence_number': 1, 'affiliations': [None], 'affiliation_slugs': [None]}]",1894,['0026-9662'],0,0,1,1,https://scite.ai/reports/modern-physiology-PGnAgk
monist,10.5840/monist18934138,Observations on Some Points in James’s Psychology,"[{'author_name': 'W. L. Worcester', 'author_slug': 'w-l-worcester-rDNlr4', 'author_sequence_number': 1, 'affiliations': [None], 'affiliation_slugs': [None]}]",1893,['0026-9662'],0,0,1,1,https://scite.ai/reports/observations-on-some-points-in-dnzLWM
monist,10.5840/monist1894424,Monism and Henism,"[{'author_name': 'Paul Carus', 'author_slug': 'paul-carus-dmxN6M', 'author_sequence_number': 1, 'affiliations': [None], 'affiliation_slugs': [None]}, {'author_name': 'Sherwood J. B. Sugden', 'author_slug': 'sherwood-j-b-sugden-VWaYGJ', 'author_sequence_number': 2, 'affiliations': [None], 'affiliation_slugs': [None]}]",1894,['0026-9662'],0,0,1,1,https://scite.ai/reports/monism-and-henism-2d4Jrx
monist,10.5840/monist18944210,"The Problem of Woman, From a Bio-Sociological Point of View","[{'author_name': 'G. Ferrero', 'author_slug': 'G. Ferrero', 'author_orcid': None}]",1894,['0026-9662'],0,0,1,1,https://scite.ai/reports/the-problem-of-woman-from-kAGLbg
monist,10.5840/monist19001048,On the Nature of Scientific Law and Scientific Explanation,"[{'author_name': 'Thomas J. McCormack', 'author_slug': 'thomas-j-mccormack-G51RZK', 'author_sequence_number': 1, 'affiliations': ['La Salle University'], 'affiliation_slugs': ['la-salle-university-5YdD']}]",1900,['0026-9662'],0,0,1,1,https://scite.ai/reports/on-the-nature-of-scientific-nMpLpn
monist,10.5840/monist18944212,A Monistic Theory of Mind,"[{'author_name': 'Lester F. Ward', 'author_slug': 'lester-f-ward-9Nl5RA', 'author_sequence_number': 1, 'affiliations': [None], 'affiliation_slugs': [None]}]",1894,['0026-9662'],0,0,1,1,https://scite.ai/reports/a-monistic-theory-of-mind-58jdZ2
monist,10.5840/monist1898836,A Note from Alsace,"[{'author_name': 'Alfred Weber', 'author_slug': 'alfred-weber-9vvg6A', 'author_sequence_number': 1, 'affiliations': [None], 'affiliation_slugs': [None]}]",1898,['0026-9662'],0,0,1,1,https://scite.ai/reports/a-note-from-alsace-Yx2dbr
monist,10.5840/monist18933229,Renan,"[{'author_name': 'Moncure Daniel Conway', 'author_slug': 'moncure-daniel-conway-jgj3gJ', 'author_sequence_number': 1, 'affiliations': [None], 'affiliation_slugs': [None]}]",1893,['0026-9662'],0,0,1,1,https://scite.ai/reports/renan-wE52le
monist,10.5840/monist18978110,Man as a Member of Society. Part II,"[{'author_name': 'Paul Topinard', 'author_slug': 'paul-topinard-gXL2n', 'author_sequence_number': 1, 'affiliations': [None], 'affiliation_slugs': [None]}]",1897,['0026-9662'],0,0,1,1,https://scite.ai/reports/man-as-a-member-of-58jdQG
monist,10.5840/monist18933437,The Foundations of Theism,"[{'author_name': 'E. D. Cope', 'author_slug': 'e-d-cope-P0lMZK', 'author_sequence_number': 1, 'affiliations': [None], 'affiliation_slugs': [None]}]",1893,['0026-9662'],0,0,0,1,https://scite.ai/reports/the-foundations-of-theism-M6G9Ql
monist,10.5840/monist18922317,Psychical Monism,"[{'author_name': 'Edmund Montgomery', 'author_slug': 'edmund-montgomery-bzMgl1', 'author_sequence_number': 1, 'affiliations': [None], 'affiliation_slugs': [None]}]",1892,['0026-9662'],0,0,1,1,https://scite.ai/reports/psychical-monism-nMpLJV
monist,10.5840/monist18999313,The Contemporary Movement in French Philosophy,"[{'author_name': 'L. Lévy-Bruhl', 'author_slug': 'l-levy-bruhl-YrYzKK', 'author_sequence_number': 1, 'affiliations': [None], 'affiliation_slugs': [None]}]",1899,['0026-9662'],0,0,1,1,https://scite.ai/reports/the-contemporary-movement-in-french-95jKEk
monist,10.5840/monist1896631,The Philosophy of Money,"[{'author_name': 'Edward Atkinson', 'author_slug': 'Edward Atkinson', 'author_orcid': None}]",1896,['0026-9662'],0,0,1,1,https://scite.ai/reports/the-philosophy-of-money-58jd4A
monist,10.5840/monist18922343,On Criminal Suggestion,"[{'author_name': 'J. Delbœuf', 'author_slug': 'j-delboeuf-EaNgM8', 'author_sequence_number': 1, 'affiliations': [None], 'affiliation_slugs': [None]}]",1892,['0026-9662'],0,0,1,1,https://scite.ai/reports/on-criminal-suggestion-mYnLjr
monist,10.5840/monist18944319,Notion and Definition of Number,"[{'author_name': 'Hermann Schubert', 'author_slug': 'hermann-schubert-aj5JKj', 'author_sequence_number': 1, 'affiliations': [None], 'affiliation_slugs': [None]}]",1894,['0026-9662'],0,0,1,1,https://scite.ai/reports/notion-and-definition-of-number-jW0mj5
monist,10.5840/monist18933310,Religion and Modern Science,"[{'author_name': 'Friedrich Jodl', 'author_slug': 'friedrich-jodl-neZjX', 'author_sequence_number': 1, 'affiliations': [None], 'affiliation_slugs': [None]}, {'author_name': 'Sherwood J. B. Sugden', 'author_slug': 'sherwood-j-b-sugden-VWaYGJ', 'author_sequence_number': 2, 'affiliations': [None], 'affiliation_slugs': [None]}]",1893,['0026-9662'],0,0,1,1,https://scite.ai/reports/religion-and-modern-science-jW0mD5
monist,10.5840/monist18923136,The Future of Thought in America,"[{'author_name': 'Edward Drinker Cope', 'author_slug': 'edward-drinker-cope-QGYrQw', 'author_sequence_number': 1, 'affiliations': [None], 'affiliation_slugs': [None]}]",1892,['0026-9662'],0,0,0,1,https://scite.ai/reports/the-future-of-thought-in-gPvLGn
monist,10.1093/monist/3.3.482,Book Reviews,"[{'author_name': 'Trumbull, M. M.', 'author_slug': 'trumbull-m-m-eKk4nrK', 'author_sequence_number': 1, 'affiliations': [None], 'affiliation_slugs': [None]}]",1893,"['0026-9662', '2153-3601']",0,0,1,1,https://scite.ai/reports/book-reviews-e5VER6
monist,10.5840/monist18988316,Regressive Phenomena in Evolution,"[{'author_name': 'Cesare Lombroso', 'author_slug': 'cesare-lombroso-mdAJdz', 'author_sequence_number': 1, 'affiliations': [None], 'affiliation_slugs': [None]}]",1898,['0026-9662'],0,0,1,1,https://scite.ai/reports/regressive-phenomena-in-evolution-PGnAb0
monist,10.5840/monist18922213,Recent German Works in Psychology,"[{'author_name': 'Chr. Ufer', 'author_slug': 'chr-ufer-1K2d1y', 'author_sequence_number': 1, 'affiliations': [None, 'Novem (Netherlands)', 'Klinikum Altenburger Land'], 'affiliation_slugs': [None, 'novem-netherlands-WGV9M', 'klinikum-altenburger-land-6MnE1']}]",1892,['0026-9662'],0,0,1,1,https://scite.ai/reports/recent-german-works-in-psychology-JY6Vnn
monist,10.5840/monist18977420,The Basis of Morals,"[{'author_name': 'Dyer D. Lum', 'author_slug': 'dyer-d-lum-Ogr1dO', 'author_sequence_number': 1, 'affiliations': [None], 'affiliation_slugs': [None]}]",1897,['0026-9662'],0,0,1,1,https://scite.ai/reports/the-basis-of-morals-dnzLLj
monist,10.5840/monist190011112,"Lamarck's Views on the Evolution of Man, on Morals, and on the Relation of Science to Religion","[{'author_name': 'A. S. Packard', 'author_slug': 'a-s-packard-XdNL9x2', 'author_sequence_number': 1, 'affiliations': [None], 'affiliation_slugs': [None]}]",1900,['0026-9662'],0,0,1,1,https://scite.ai/reports/lamarck-s-views-on-the-evolution-O02W28
monist,10.5840/monist18923110,Mental Mummies,"[{'author_name': 'Felix L. Oswald', 'author_slug': 'felix-l-oswald-VeQg4rM', 'author_sequence_number': 1, 'affiliations': [None], 'affiliation_slugs': [None]}]",1892,['0026-9662'],0,0,1,1,https://scite.ai/reports/mental-mummies-Yx2dND
monist,10.5840/monist18933239,Intuition and Reason,"[{'author_name': 'Christine Franklin', 'author_slug': 'christine-franklin-Jvd4PY', 'author_sequence_number': 1, 'affiliations': [None], 'affiliation_slugs': [None]}]",1893,['0026-9662'],0,0,1,1,https://scite.ai/reports/intuition-and-reason-nMpL1N
monist,10.5840/monist18955313,The World's Parliament of Religions,"[{'author_name': 'Charles C. Bonney', 'author_slug': 'charles-c-bonney-2xlwgY', 'author_sequence_number': 1, 'affiliations': [None], 'affiliation_slugs': [None]}]",1895,['0026-9662'],0,0,1,1,https://scite.ai/reports/the-world-s-parliament-of-religions-RbaY3W
monist,10.5840/monist18955438,"The Metaphysical ""x"" in Cognition","[{'author_name': 'Paul Carus', 'author_slug': 'paul-carus-dmxN6M', 'author_sequence_number': 1, 'affiliations': [None], 'affiliation_slugs': [None]}, {'author_name': 'Sherwood J. B. Sugden', 'author_slug': 'sherwood-j-b-sugden-VWaYGJ', 'author_sequence_number': 2, 'affiliations': [None], 'affiliation_slugs': [None]}]",1895,['0026-9662'],0,0,1,1,https://scite.ai/reports/the-metaphysical-x-in-cognition-PGnA1g
monist,10.5840/monist18912134,Artificial Selection and the Marriage Problem,"[{'author_name': 'Hiram M. Stanley', 'author_slug': 'hiram-m-stanley-1K6llE', 'author_sequence_number': 1, 'affiliations': [None], 'affiliation_slugs': [None]}]",1891,['0026-9662'],0,0,1,1,https://scite.ai/reports/artificial-selection-and-the-marriage-E9AV2W
monist,10.5840/monist18944420,Leonardo da Vinci as a Pioneer in Science,"[{'author_name': 'William R. Thayer', 'author_slug': 'william-r-thayer-nYNmO4', 'author_sequence_number': 1, 'affiliations': [None], 'affiliation_slugs': [None]}]",1894,['0026-9662'],0,0,0,1,https://scite.ai/reports/leonardo-da-vinci-as-a-Yx2dYD
monist,10.5840/monist1891147,On Thought and Language,"[{'author_name': 'F. Max Mueller', 'author_slug': 'f-max-mueller-WEA09d', 'author_sequence_number': 1, 'affiliations': [None], 'affiliation_slugs': [None]}, {'author_name': 'F. Max Müller', 'author_slug': 'f-max-muller-vXZ5neJ', 'author_sequence_number': 2, 'affiliations': [None], 'affiliation_slugs': [None]}]",1891,['0026-9662'],0,0,1,1,https://scite.ai/reports/on-thought-and-language-zyX2x6
monist,10.5840/monist18966219,Pathological Pleasures and Pains,"[{'author_name': 'Th. Ribot', 'author_slug': 'th-ribot-3nw4pZ', 'author_sequence_number': 1, 'affiliations': [None], 'affiliation_slugs': [None]}]",1896,['0026-9662'],0,0,1,1,https://scite.ai/reports/pathological-pleasures-and-pains-8kLDp9
monist,10.5840/monist19001029,On Psychology and Metaphysics,"[{'author_name': 'Bernard Riemann', 'author_slug': 'bernard-riemann-vGgJV3', 'author_sequence_number': 1, 'affiliations': [None], 'affiliation_slugs': [None]}]",1900,['0026-9662'],0,0,1,1,https://scite.ai/reports/on-psychology-and-metaphysics-gPvLv1
mind,10.1093/mind/os-v.19.301,I.--STATISTICS OF MENTAL IMAGERY,"[{'author_name': 'F. GALTON', 'author_slug': 'f-galton-4lvpJMw', 'author_sequence_number': 1, 'affiliations': [None], 'affiliation_slugs': [None]}]",1880,"['0026-4423', '1460-2113']",3,0,152,162,https://scite.ai/reports/i-statistics-of-mental-imagery-W5JzO1
mind,10.1093/mind/os-ix.33.1,I—ON SOME OMISSIONS OF INTROSPECTIVE SYCHOLOGY,"[{'author_name': 'William James', 'author_slug': 'william-james-QmbvQz', 'author_sequence_number': 1, 'affiliations': ['Harvard University'], 'affiliation_slugs': ['harvard-university-NmzP']}]",1884,"['0026-4423', '1460-2113']",0,0,41,43,https://scite.ai/reports/i-on-some-omissions-of-introspective-Y5JMMK
mind,10.1093/mind/os-2.7.285,I.—A BIOGRAPHICAL SKETCH OF AN INFANT,"[{'author_name': 'Charles Darwin', 'author_slug': 'charles-darwin-ddp4k3', 'author_sequence_number': 1, 'affiliations': [None], 'affiliation_slugs': [None]}]",1877,"['0026-4423', '1460-2113']",0,0,37,38,https://scite.ai/reports/i-a-biographical-sketch-of-an-6dNzRX
mind,10.1093/mind/os-12.45.68,EXPERIMENTS ON THE ASSOCIATION OF IDEAS,"[{'author_name': 'James P. Cattell', 'author_slug': 'james-p-cattell-38R2rb', 'author_sequence_number': 1, 'affiliations': [None], 'affiliation_slugs': [None]}]",1887,"['0026-4423', '1460-2113']",2,0,22,26,https://scite.ai/reports/experiments-on-the-association-of-zgAMkb
mind,10.1093/mind/os-3.10.157,I.—NOTE-DEAFNESS,"[{'author_name': 'Grant Allen', 'author_slug': 'grant-allen-yvzPwa', 'author_sequence_number': 1, 'author_orcid': '0000-0001-6308-6006', 'affiliations': [None], 'affiliation_slugs': [None]}]",1878,"['0026-4423', '1460-2113']",0,0,19,19,https://scite.ai/reports/i-note-deafness-4QbWpV
mind,10.1093/mind/ix.36.469,III.—THE PRINCIPLE OF LEAST ACTION AS A PSYCHOLOGICAL PRINCIPLE,"[{'author_name': 'W. R. Boyce Gibson', 'author_slug': 'w-r-boyce-gibson-EjLzyW', 'author_sequence_number': 1, 'affiliations': [None], 'affiliation_slugs': [None]}]",1900,"['0026-4423', '1460-2113']",0,0,17,17,https://scite.ai/reports/iii-the-principle-of-least-action-we9QNy
mind,10.1093/mind/os-xi.44.539,THE PERCEPTION OF SPACE BY DISPARATE SENSES,"[{'author_name': 'Joseph Jastrow', 'author_slug': 'joseph-jastrow-ejE2Wz', 'author_sequence_number': 1, 'affiliations': ['Johns Hopkins University'], 'affiliation_slugs': ['johns-hopkins-university-w8jy']}]",1886,"['0026-4423', '1460-2113']",1,0,14,15,https://scite.ai/reports/the-perception-of-space-by-aZJDmr
mind,10.1093/mind/1.2.299,CONTRIBUTION TO THE PSYCHOLOGY OF VISUAL DREAMS,"[{'author_name': 'George W. Ladd', 'author_slug': 'george-w-ladd-y8vpPp', 'author_sequence_number': 1, 'affiliations': [None], 'affiliation_slugs': [None]}]",1892,"['0026-4423', '1460-2113']",0,0,15,15,https://scite.ai/reports/contribution-to-the-psychology-of-98y1Gb
mind,10.1093/mind/os-1.3.301,I.—THE ORIGIN AND MEANING OF GEOMETRICAL AXIOMS,"[{'author_name': 'H. HELMHOLTZ', 'author_slug': 'h-helmholtz-PxnVL8b', 'author_sequence_number': 1, 'affiliations': [None], 'affiliation_slugs': [None]}]",1876,"['0026-4423', '1460-2113']",0,0,12,13,https://scite.ai/reports/i-the-origin-and-meaning-of-rzX3Pd
mind,10.1093/mind/iv.16.506,THE TYPE-THEORY OF THE SIMPLE REACTION,"[{'author_name': 'E. B. Titchener', 'author_slug': 'e-b-titchener-9vvx2r', 'author_sequence_number': 1, 'affiliations': [None], 'affiliation_slugs': [None]}]",1895,"['0026-4423', '1460-2113']",0,0,13,13,https://scite.ai/reports/the-type-theory-of-the-simple-zgADvx
mind,10.1093/mind/os-2.7.366,VI.—PHILOSOPHY IN FRANCE,"[{'author_name': 'Th. Ribot', 'author_slug': 'th-ribot-Pj6jK2', 'author_sequence_number': 1, 'affiliations': [None], 'affiliation_slugs': [None]}]",1877,"['0026-4423', '1460-2113']",0,0,10,10,https://scite.ai/reports/vi-philosophy-in-france-b5JEb8
mind,10.1093/mind/iv.13.47,IV.—THE RELATION OF ATTENTION TO MEMORY,"[{'author_name': 'W. G. Smith', 'author_slug': 'w-g-smith-l9Ow3v', 'author_sequence_number': 1, 'affiliations': [None], 'affiliation_slugs': [None]}]",1895,"['0026-4423', '1460-2113']",0,0,9,9,https://scite.ai/reports/iv-the-relation-of-attention-to-LQaWYX
mind,10.1093/mind/os-viii.30.170,II.—REACTION-TIME AND ATTENTION IN THE HYPNOTIC STATE,"[{'author_name': 'G. Stanley Hall', 'author_slug': 'g-stanley-hall-Z3l0Jg', 'author_sequence_number': 1, 'affiliations': [None], 'affiliation_slugs': [None]}]",1883,"['0026-4423', '1460-2113']",0,0,8,9,https://scite.ai/reports/ii-reaction-time-and-attention-in-the-AAy8W2
mind,10.1093/mind/v.20.539,"John M. E. McTaggart, Studies in the Hegelian Dialectic","[{'author_name': 'W. Wallace', 'author_slug': 'w-wallace-lG8PPE', 'author_sequence_number': 1, 'affiliations': [None], 'affiliation_slugs': [None]}]",1896,"['0026-4423', '1460-2113']",1,0,7,8,https://scite.ai/reports/john-m-e-mctaggart-studies-KbnZLp
mind,10.1093/mind/iii.11.362,V.—DISCONTINUITY IN EVOLUTION,"[{'author_name': 'Francis Galton', 'author_slug': 'francis-galton-ykAXp', 'author_sequence_number': 1, 'affiliations': [None], 'affiliation_slugs': [None]}]",1894,"['0026-4423', '1460-2113']",0,0,7,7,https://scite.ai/reports/v-discontinuity-in-evolution-Kbn1nJ
mind,10.1093/mind/os-xiii.51.405,THE KANTIAN CONCEPTION OF FREE WILL,"[{'author_name': 'Henry Sidgwick', 'author_slug': 'henry-sidgwick-Rape14', 'author_sequence_number': 1, 'affiliations': [None], 'affiliation_slugs': [None]}]",1888,"['0026-4423', '1460-2113']",0,0,7,7,https://scite.ai/reports/the-kantian-conception-of-free-Z540bd
mind,10.1093/mind/iv.13.74,V.—SIMPLE REACTIONS,"[{'author_name': 'E. B. Titchener', 'author_slug': 'e-b-titchener-wGO4we', 'author_sequence_number': 1, 'affiliations': [None], 'affiliation_slugs': [None]}]",1895,"['0026-4423', '1460-2113']",0,0,6,6,https://scite.ai/reports/v-simple-reactions-XaJQPA
mind,10.1093/mind/iii.9.26,II.—IMITATION: A CHAPTER IN THE NATURAL HISTORY OF CONSCIOUSNESS,"[{'author_name': 'J. Mark Baldwin', 'author_slug': 'j-mark-baldwin-A3NDryO', 'author_sequence_number': 1, 'affiliations': [None], 'affiliation_slugs': [None]}]",1894,"['0026-4423', '1460-2113']",0,0,6,6,https://scite.ai/reports/ii-imitation-a-chapter-in-the-Y5JEk3
mind,10.1093/mind/os-2.8.493,IV.—PHILOSOPHY IN GERMANY,"[{'author_name': 'W. Wundt', 'author_slug': 'w-wundt-DzzbMw', 'author_sequence_number': 1, 'affiliations': [None], 'affiliation_slugs': [None]}]",1877,"['0026-4423', '1460-2113']",0,0,5,6,https://scite.ai/reports/iv-philosophy-in-germany-n9yrNn
mind,10.1093/mind/ii.5.54,"IV.--""MODERN"" PSYCHOLOGY: A REFLEXION","[{'author_name': 'J. Ward', 'author_slug': 'j-ward-Q0g229', 'author_sequence_number': 1, 'affiliations': [None], 'affiliation_slugs': [None]}]",1893,"['0026-4423', '1460-2113']",0,0,6,6,https://scite.ai/reports/iv-modern-psychology-a-reflexion-EmdwVL
mind,10.1093/mind/os-ix.36.563,MIND AS A SOCIAL FACTOR,"[{'author_name': 'Lester F. Ward', 'author_slug': 'lester-f-ward-9Nl5RA', 'author_sequence_number': 1, 'affiliations': [None], 'affiliation_slugs': [None]}]",1884,"['0026-4423', '1460-2113']",0,0,6,6,https://scite.ai/reports/mind-as-a-social-factor-AAyEna
mind,10.1093/mind/iv.13.28,II.—ON THE DIFFERENCE OF TIME AND RHYTHM IN MUSIC,"[{'author_name': 'R. Wallaschek', 'author_slug': 'r-wallaschek-KLED91', 'author_sequence_number': 1, 'affiliations': [None], 'affiliation_slugs': [None]}]",1895,"['0026-4423', '1460-2113']",0,0,5,5,https://scite.ai/reports/ii-on-the-difference-of-time-V5VgEz
mind,10.1093/mind/os-1.1.82,VII.—PHILOSOPHY AT OXFORD,"[{'author_name': 'Mark Pattison', 'author_slug': 'mark-pattison-ajmRw9', 'author_sequence_number': 1, 'affiliations': [None], 'affiliation_slugs': [None]}]",1876,"['0026-4423', '1460-2113']",0,0,5,5,https://scite.ai/reports/vii-philosophy-at-oxford-W5JzeM
mind,10.1093/mind/os-ix.34.281,ABSOLUTISM AND EMPIRICISM,"[{'author_name': 'William James', 'author_slug': 'william-james-ApZVNEE', 'author_sequence_number': 1, 'affiliations': [None], 'affiliation_slugs': [None]}]",1884,"['0026-4423', '1460-2113']",0,0,5,5,https://scite.ai/reports/absolutism-and-empiricism-n9yr26
mind,10.1093/mind/os-xiii.50.308,DR. CATTELL ON “ELEMENTS OF PHYSIOLOGICAL PSYCHOLOGY”.,"[{'author_name': 'George W. Ladd', 'author_slug': 'george-w-ladd-y8vpPp', 'author_sequence_number': 1, 'affiliations': [None], 'affiliation_slugs': [None]}]",1888,"['0026-4423', '1460-2113']",0,0,5,5,https://scite.ai/reports/dr-cattell-on-elements-of-Jg2pM0
mind,10.1093/mind/ns-5.18.203,IV.--CHARACTER AND THE EMOTIONS,"[{'author_name': 'Alexander F. Shand', 'author_slug': 'alexander-f-shand-pLyyaQ', 'author_sequence_number': 1, 'affiliations': [None], 'affiliation_slugs': [None]}]",1896,"['0026-4423', '1460-2113']",0,0,5,5,https://scite.ai/reports/iv-character-and-the-emotions-AAyEg2
mind,10.1093/mind/os-2.5.38,IV.—KANT'S SPACE AND MODERN MATHEMATICS,"[{'author_name': 'Jan Pieter Nicolaas Land', 'author_slug': 'jan-pieter-nicolaas-land-E4YEEj', 'author_sequence_number': 1, 'affiliations': [None], 'affiliation_slugs': [None]}]",1877,"['0026-4423', '1460-2113']",0,0,5,5,https://scite.ai/reports/iv-kant-s-space-and-modern-mathematics-LQawXa
mind,10.1093/mind/os-1.2.161,II.—CENTRAL INNERVATION AND CONSCIOUSNESS,"[{'author_name': 'Wundt W', 'author_slug': 'wundt-w-DrybNP', 'author_sequence_number': 1, 'affiliations': [None], 'affiliation_slugs': [None]}]",1876,"['0026-4423', '1460-2113']",0,0,3,4,https://scite.ai/reports/ii-central-innervation-and-consciousness-Y5JMGx
mind,10.1093/mind/os-4.13.106,THE ESTABLISHMENT OF ETHICAL FIRST PRINCIPLES,"[{'author_name': 'Henry Sidgwick', 'author_slug': 'henry-sidgwick-Rape14', 'author_sequence_number': 1, 'affiliations': [None], 'affiliation_slugs': [None]}]",1879,"['0026-4423', '1460-2113']",0,0,4,4,https://scite.ai/reports/the-establishment-of-ethical-first-8y5Mb2
mind,10.1093/mind/ns-5.18.145,I.--THE CONCEPTION OF IMMORTALITY IN SPINOZA'S ETHICS,"[{'author_name': 'A. E. Taylor', 'author_slug': 'a-e-taylor-pKJwne', 'author_sequence_number': 1, 'affiliations': [None], 'affiliation_slugs': [None]}]",1896,"['0026-4423', '1460-2113']",0,0,4,4,https://scite.ai/reports/i-the-conception-of-immortality-in-98yvzz
mind,10.1093/mind/os-ix.33.27,II.—LIFE AND MECHANISM1,"[{'author_name': 'J. S. Haldane', 'author_slug': 'j-s-haldane-L6rn3E', 'author_sequence_number': 1, 'affiliations': [None], 'affiliation_slugs': [None]}]",1884,"['0026-4423', '1460-2113']",0,0,4,4,https://scite.ai/reports/ii-life-and-mechanism-sup-1-sup-x01zzM
mind,10.1093/mind/os-2.6.156,II.—CONSCIOUSNESS AND UNCONSCIOUSNESS,"[{'author_name': 'George Henry Lewes', 'author_slug': 'george-henry-lewes-w21pme', 'author_sequence_number': 1, 'affiliations': [None], 'affiliation_slugs': [None]}]",1877,"['0026-4423', '1460-2113']",0,0,3,3,https://scite.ai/reports/ii-consciousness-and-unconsciousness-W5Jz15
mind,10.1093/mind/vi.1.59,IV.—AN ATTEMPT AT A PSYCHOLOGY OF INSTINCT,"[{'author_name': 'Alice Julia Hamlin', 'author_slug': 'alice-julia-hamlin-8MAM29', 'author_sequence_number': 1, 'affiliations': [None], 'affiliation_slugs': [None]}]",1897,"['0026-4423', '1460-2113']",0,0,3,3,https://scite.ai/reports/iv-an-attempt-at-a-psychology-5EmvrZ
mind,10.1093/mind/os-vii.25.1,I.—CAN THERE BE A NATURAL SCIENCE OF MAN ?,"[{'author_name': 'T. H. GREEN', 'author_slug': 't-h-green-OMy5bV6', 'author_sequence_number': 1, 'affiliations': [None], 'affiliation_slugs': [None]}]",1882,"['0026-4423', '1460-2113']",0,0,3,3,https://scite.ai/reports/i-can-there-be-a-natural-n9yrek
mind,10.1093/mind/v.20.523,V.--Consciousness and Biological Evolution. (II.),"[{'author_name': 'Marshall, H. R.', 'author_slug': 'marshall-h-r-eKY40O6', 'author_sequence_number': 1, 'affiliations': [None], 'affiliation_slugs': [None]}]",1896,"['0026-4423', '1460-2113']",0,0,3,3,https://scite.ai/reports/v-consciousness-and-biological-evolution-ii-ODdPLA
mind,10.1093/mind/os-1.4.452,II.—AN ATTEMPT TO INTERPRET FECHNER'S LAW,"[{'author_name': 'James Ward', 'author_slug': 'james-ward-L0ArKl', 'author_sequence_number': 1, 'affiliations': [None], 'affiliation_slugs': [None]}]",1876,"['0026-4423', '1460-2113']",0,0,2,3,https://scite.ai/reports/ii-an-attempt-to-interpret-fechner-s-MEmrWk
mind,10.1093/mind/os-xiii.51.468,ARISTOTLE IN JEWISH PHILOSOPHY,"[{'author_name': 'I. Abrahams', 'author_slug': 'i-abrahams-emW3yp', 'author_sequence_number': 1, 'affiliations': [None], 'affiliation_slugs': [None]}]",1888,"['0026-4423', '1460-2113']",0,0,2,3,https://scite.ai/reports/aristotle-in-jewish-philosophy-Y5Je4G
mind,10.1093/mind/viii.4.467,III.--PHILOSOPHICAL TERMINOLOGY (II.).,"[{'author_name': 'Ferdinand Tonnies', 'author_slug': 'ferdinand-tonnies-bDG4bW', 'author_sequence_number': 1, 'affiliations': [None], 'affiliation_slugs': [None]}]",1899,"['0026-4423', '1460-2113']",0,0,3,3,https://scite.ai/reports/iii-philosophical-terminology-ii-e5kJJr
mind,10.1093/mind/os-v.20.564,MR. GALTON'S STATISTICS OF MENTAL IMAGERY,"[{'author_name': 'A. Bain', 'author_slug': 'a-bain-zY3bzQ', 'author_sequence_number': 1, 'affiliations': [None], 'affiliation_slugs': [None]}]",1880,"['0026-4423', '1460-2113']",0,0,3,3,https://scite.ai/reports/mr-galton-s-statistics-of-mental-XaJY9y
mind,10.1093/mind/os-12.48.601,CRITICAL NOTICES,"[{'author_name': 'Thomas J. Whittaker', 'author_slug': 'thomas-j-whittaker-Xg9EZl', 'author_sequence_number': 1, 'affiliations': [None], 'affiliation_slugs': [None]}]",1887,"['0026-4423', '1460-2113']",0,0,2,3,https://scite.ai/reports/critical-notices-MEmrOX
mind,10.1093/mind/os-1.2.235,VII.—PHILOSOPHY AT CAMBRIDGE,"[{'author_name': 'Henry Sidgwick', 'author_slug': 'henry-sidgwick-Rape14', 'author_sequence_number': 1, 'affiliations': [None], 'affiliation_slugs': [None]}]",1876,"['0026-4423', '1460-2113']",0,0,3,3,https://scite.ai/reports/vii-philosophy-at-cambridge-00e3mr
mind,10.1093/mind/v.1.24,"II.—SENSE, MEANING AND INTERPRETATION. (I)","[{'author_name': 'V. Welby', 'author_slug': 'v-welby-DOWrXw', 'author_sequence_number': 1, 'affiliations': [None], 'affiliation_slugs': [None]}]",1896,"['0026-4423', '1460-2113']",0,0,2,2,https://scite.ai/reports/ii-sense-meaning-and-interpretation-i-Y5JeLL
mind,10.1093/mind/os-xi.42.153,I.—PSYCHOLOGY AS PHILOSOPHIC METHOD,"[{'author_name': 'John Dewey', 'author_slug': 'john-dewey-ANKeM3', 'author_sequence_number': 1, 'affiliations': [None], 'affiliation_slugs': [None]}]",1886,"['0026-4423', '1460-2113']",0,0,2,2,https://scite.ai/reports/i-psychology-as-philosophic-method-98yGnk
mind,10.1093/mind/os-xi.41.76,MR. MERCIER'S CLASSIFICATION OF FEELINGS,"[{'author_name': 'Carveth Read', 'author_slug': 'carveth-read-Y0QlrG', 'author_sequence_number': 1, 'affiliations': [None], 'affiliation_slugs': [None]}]",1886,"['0026-4423', '1460-2113']",0,0,2,2,https://scite.ai/reports/mr-mercier-s-classification-of-feelings-XaJ6Nk
mind,10.1093/mind/xiv.53.27,II.—THE EVOLUTION OF MORALITY,"[{'author_name': 'James Seth', 'author_slug': 'james-seth-2eKKjL', 'author_sequence_number': 1, 'affiliations': [None], 'affiliation_slugs': [None]}]",1889,"['0026-4423', '1460-2113']",0,0,1,2,https://scite.ai/reports/ii-the-evolution-of-morality-Emd9Lj
mind,10.1093/mind/iii.12.509,V.—ASSIMILATION AND ASSOCIATION. (II),"[{'author_name': 'James Ward', 'author_slug': 'james-ward-L0ArKl', 'author_sequence_number': 1, 'affiliations': [None], 'affiliation_slugs': [None]}]",1894,"['0026-4423', '1460-2113']",0,0,2,2,https://scite.ai/reports/v-assimilation-and-association-ii-1GmMmE
mind,10.1093/mind/ix.36.319,III.—VITALISM: A BRIEF HISTORICAL AND CRITICAL REVIEW (II.),"[{'author_name': 'Charles E. Myers', 'author_slug': 'charles-e-myers-kYbeYw', 'author_sequence_number': 1, 'affiliations': [None], 'affiliation_slugs': [None]}]",1900,"['0026-4423', '1460-2113']",0,0,2,2,https://scite.ai/reports/iii-vitalism-a-brief-historical-and-zgADNE
mind,10.1093/mind/os-1.2.289,BRENTANO'S LOGICAL INNOVATIONS,"[{'author_name': 'J. P. N. Land', 'author_slug': 'j-p-n-land-bQ3bxp', 'author_sequence_number': 1, 'affiliations': [None], 'affiliation_slugs': [None]}]",1876,"['0026-4423', '1460-2113']",0,0,2,2,https://scite.ai/reports/brentano-s-logical-innovations-5EmAlZ
mind,10.1093/mind/ii.7.363,THE ORIGINAL DATUM OF SPACE-CONSCIOUSNESS,"[{'author_name': 'William James', 'author_slug': 'william-james-QmbvQz', 'author_sequence_number': 1, 'affiliations': [None], 'affiliation_slugs': [None]}]",1893,"['0026-4423', '1460-2113']",0,0,2,2,https://scite.ai/reports/the-original-datum-of-space-consciousness-we9QXa
mind,10.1093/mind/os-x.37.1,I.—A CLASSIFICATION OF FEELINGS.,"[{'author_name': 'Charles Mercier', 'author_slug': 'charles-mercier-WllwLM', 'author_sequence_number': 1, 'affiliations': [None], 'affiliation_slugs': [None]}]",1885,"['0026-4423', '1460-2113']",0,0,2,2,https://scite.ai/reports/i-a-classification-of-feelings-4QbMYw
mind,10.1093/mind/os-xi.41.20,"II.—MEISTER ECKEHART, THE MYSTIC","[{'author_name': 'Karl Pearson', 'author_slug': 'karl-pearson-Rl92yW', 'author_sequence_number': 1, 'affiliations': [None], 'affiliation_slugs': [None]}]",1886,"['0026-4423', '1460-2113']",0,0,2,2,https://scite.ai/reports/ii-meister-eckehart-the-mystic-KbnZVJ
mind,10.1093/mind/iii.11.289,I.—MEDIATE ASSOCIATION,"[{'author_name': 'Wesley H Smith', 'author_slug': 'wesley-h-smith-8pnK4P3', 'author_sequence_number': 1, 'affiliations': [None], 'affiliation_slugs': [None]}]",1894,"['0026-4423', '1460-2113']",0,0,1,2,https://scite.ai/reports/i-mediate-association-Z54d4n
mind,10.1093/mind/ii.5.95,PROF. WUNDT ON HYPNOTISM AND SUGGESTION,"[{'author_name': 'Frederic William Henry Myers', 'author_slug': 'frederic-william-henry-myers-P1am8ZK', 'author_sequence_number': 1, 'affiliations': [None], 'affiliation_slugs': [None]}]",1893,"['0026-4423', '1460-2113']",0,0,2,2,https://scite.ai/reports/prof-wundt-on-hypnotism-and-8y5bD9
mind,10.1093/mind/os-ix.36.509,II.—A CLASSIFICATION OF FEELINGS,"[{'author_name': 'Charles Mercier', 'author_slug': 'charles-mercier-WllwLM', 'author_sequence_number': 1, 'affiliations': [None], 'affiliation_slugs': [None]}]",1884,"['0026-4423', '1460-2113']",0,0,2,2,https://scite.ai/reports/ii-a-classification-of-feelings-98yv5E
mind,10.1093/mind/ix.36.389,IX.–CRITICAL NOTICES,"[{'author_name': 'W. R. Boyce Gibson', 'author_slug': 'w-r-boyce-gibson-EjLzyW', 'author_sequence_number': 1, 'affiliations': [None], 'affiliation_slugs': [None]}]",1900,"['0026-4423', '1460-2113']",0,0,2,2,https://scite.ai/reports/ix-critical-notices-00eY20
mind,10.1093/mind/ii.5.83,V. --DISCUSSIONS: ON PROFESSOR JAMES' DOCTRINE OF SIMPLE RESEMBLANCE,"[{'author_name': 'F. H. Bradley', 'author_slug': 'f-h-bradley-j0D1Ry', 'author_sequence_number': 1, 'affiliations': [None], 'affiliation_slugs': [None]}]",1893,"['0026-4423', '1460-2113']",0,0,2,2,https://scite.ai/reports/v-discussions-on-professor-james-d5JmLy
mind,10.1093/mind/os-4.15.317,II.—THE SENTIMENT OF RATIONALITY,"[{'author_name': 'Prince James', 'author_slug': 'prince-james-dK2evd', 'author_sequence_number': 1, 'author_orcid': '0000-0002-7347-5723', 'affiliations': [None], 'affiliation_slugs': [None]}]",1879,"['0026-4423', '1460-2113']",0,0,2,2,https://scite.ai/reports/ii-the-sentiment-of-rationality-b5JEDW
mind,10.1093/mind/iv.14.195,V.—ON THE RELATION OF ACCOMMODATION AND CONVERGENCE TO OUR SENSE OF DEPTH,"[{'author_name': 'E. T. Dixon', 'author_slug': 'e-t-dixon-8xAxeO', 'author_sequence_number': 1, 'affiliations': [None], 'affiliation_slugs': [None]}]",1895,"['0026-4423', '1460-2113']",0,0,2,2,https://scite.ai/reports/v-on-the-relation-of-accommodation-AAykgQ
mind,10.1093/mind/os-xi.41.66,FEELING AND EMOTION,"[{'author_name': 'Henry Morton Stanley', 'author_slug': 'henry-morton-stanley-ENEK41k', 'author_sequence_number': 1, 'affiliations': [None], 'affiliation_slugs': [None]}]",1886,"['0026-4423', '1460-2113']",0,0,2,2,https://scite.ai/reports/feeling-and-emotion-LQa2la
mind,10.1093/mind/os-xiii.52.527,III.—DEFINITION AND DEMARCATION OF THE SUBJECT-SCIENCES,"[{'author_name': 'A. Bain', 'author_slug': 'a-bain-G1jQz6', 'author_sequence_number': 1, 'affiliations': [None], 'affiliation_slugs': [None]}]",1888,"['0026-4423', '1460-2113']",0,0,2,2,https://scite.ai/reports/iii-definition-and-demarcation-of-the-e5kJvm
mind,10.1093/mind/os-viii.31.402,MIND AND BODY,"[{'author_name': 'Allison C. Bain', 'author_slug': 'allison-c-bain-p8X0yAQ', 'author_sequence_number': 1, 'affiliations': [None], 'affiliation_slugs': [None]}]",1883,"['0026-4423', '1460-2113']",0,0,2,2,https://scite.ai/reports/mind-and-body-RxdWV3
mind,10.1093/mind/os-xv.58.260,IS THERE AN A PRIORI KNOWLEDGE?,"[{'author_name': 'J. Solomon', 'author_slug': 'j-solomon-vXpgOQ2', 'author_sequence_number': 1, 'affiliations': [None], 'affiliation_slugs': [None]}]",1890,"['0026-4423', '1460-2113']",0,0,1,1,https://scite.ai/reports/is-there-an-i-a-priori-i-98yGyr
mind,10.1093/mind/vii.26.219,V.—MANDEVILLE'S PLACE IN ENGLISH THOUGHT,"[{'author_name': 'Norman Wilde', 'author_slug': 'norman-wilde-lkGvwL', 'author_sequence_number': 1, 'affiliations': [None], 'affiliation_slugs': [None]}]",1898,"['0026-4423', '1460-2113']",0,0,0,1,https://scite.ai/reports/v-mandeville-s-place-in-english-thought-5Emvp2
mind,10.1093/mind/os-x.39.377,"IV.—SPACE AND TOUCH, H.","[{'author_name': 'Edmund Montgomery', 'author_slug': 'edmund-montgomery-bzMgl1', 'author_sequence_number': 1, 'affiliations': [None], 'affiliation_slugs': [None]}]",1885,"['0026-4423', '1460-2113']",0,0,1,1,https://scite.ai/reports/iv-space-and-touch-h-aZJD8p
mind,10.1093/mind/iv.13.92,THE PHYSICAL BASIS OF EMOTION. A REPLY,"[{'author_name': 'David Irons', 'author_slug': 'david-irons-vnYxVZ', 'author_sequence_number': 1, 'affiliations': [None], 'affiliation_slugs': [None]}]",1895,"['0026-4423', '1460-2113']",0,0,1,1,https://scite.ai/reports/the-physical-basis-of-emotion-mPEzWz
mind,10.1093/mind/vi.4.567,VIII.—NEW BOOKS,"[{'author_name': 'T. W. LEVIN', 'author_slug': 't-w-levin-RMdLQz4', 'author_sequence_number': 1, 'affiliations': [None], 'affiliation_slugs': [None]}]",1897,"['0026-4423', '1460-2113']",0,0,1,1,https://scite.ai/reports/viii-new-books-W5Jv1Q
mind,10.1093/mind/os-2.6.167,III.—THE ‘SUPPRESSION’ OF EGOISM,"[{'author_name': 'Alfred Barratt', 'author_slug': 'alfred-barratt-R8L91G', 'author_sequence_number': 1, 'affiliations': [None], 'affiliation_slugs': [None]}]",1877,"['0026-4423', '1460-2113']",0,0,1,1,https://scite.ai/reports/iii-the-suppression-of-egoism-AAyEXL
mind,10.1093/mind/os-3.10.225,V.—PHILOSOPHY IN EDUCATION: I,"[{'author_name': 'J. A. Stewart', 'author_slug': 'j-a-stewart-a0EkPv', 'author_sequence_number': 1, 'affiliations': [None], 'affiliation_slugs': [None]}]",1878,"['0026-4423', '1460-2113']",0,0,1,1,https://scite.ai/reports/v-philosophy-in-education-i-98yv1G
mind,10.1093/mind/ns-5.18.236,THE 'TYPE-THEORY' OF THE SIMPLE REACTION,"[{'author_name': 'Edward Bradford Titchener', 'author_slug': 'edward-bradford-titchener-r8QXVd6', 'author_sequence_number': 1, 'affiliations': [None], 'affiliation_slugs': [None]}]",1896,"['0026-4423', '1460-2113']",0,0,1,1,https://scite.ai/reports/the-type-theory-of-the-simple-Y5JM9L
mind,10.1093/mind/ii.5.42,III.--THE RESPECTIVE SPHERES AND MUTUAL HELPS OF INTROSPECTION AND PSYCHO-PHYSICAL EXPERIMENT IN PSYCHOLOGY,"[{'author_name': 'Alexander Bain', 'author_slug': 'alexander-bain-r8DNk2A', 'author_sequence_number': 1, 'affiliations': [None], 'affiliation_slugs': [None]}]",1893,"['0026-4423', '1460-2113']",0,0,1,1,https://scite.ai/reports/iii-the-respective-spheres-and-mutual-Q8Vvz8
mind,10.1093/mind/os-3.12.433,I.—THE MUSCULAR PERCEPTION OF SPACE,"[{'author_name': 'G. Stanley Hall', 'author_slug': 'g-stanley-hall-Z3l0Jg', 'author_sequence_number': 1, 'affiliations': [None], 'affiliation_slugs': [None]}]",1878,"['0026-4423', '1460-2113']",0,0,1,1,https://scite.ai/reports/i-the-muscular-perception-of-space-V5VAPz
mind,10.1093/mind/os-xi.44.495,III.—HEGEL'S CONCEPTION OF NATURE1,"[{'author_name': 'Stephen I. Alexander', 'author_slug': 'stephen-i-alexander-LVDbPEa', 'author_sequence_number': 1, 'affiliations': [None], 'affiliation_slugs': [None]}]",1886,"['0026-4423', '1460-2113']",0,0,1,1,https://scite.ai/reports/iii-hegel-s-conception-of-nature-sup-1-sup-jn2wkO
mind,10.1093/mind/vii.25.34,III.—ON THE LOGICAL SUBJECT OF THE PROPOSITION1,"[{'author_name': 'E. C. Benecke', 'author_slug': 'e-c-benecke-Len5wQ', 'author_sequence_number': 1, 'affiliations': [None], 'affiliation_slugs': [None]}]",1898,"['0026-4423', '1460-2113']",0,0,1,1,https://scite.ai/reports/iii-on-the-logical-subject-of-Q8V1Nz
mind,10.1093/mind/vi.2.287,THE LATE PROFESSOR WALLACE,"[{'author_name': 'Bernard Bosanquet', 'author_slug': 'bernard-bosanquet-M88GX', 'author_sequence_number': 1, 'affiliations': [None], 'affiliation_slugs': [None]}]",1897,"['0026-4423', '1460-2113']",0,0,1,1,https://scite.ai/reports/the-late-professor-wallace-Emd5ZW
mind,10.1093/mind/ii.7.347,V. --ASSIMILATION AND ASSOCIATION. (I.),"[{'author_name': 'J. WARD', 'author_slug': 'j-ward-WxZYbxN', 'author_sequence_number': 1, 'affiliations': [None], 'affiliation_slugs': [None]}]",1893,"['0026-4423', '1460-2113']",0,0,1,1,https://scite.ai/reports/v-assimilation-and-association-i-NdRz0e
mind,10.1093/mind/ii.8.490,V.--TIME AND THE HEGELIAN DIALECTIC. (I.),"[{'author_name': 'J. Ellis McTaggart', 'author_slug': 'j-ellis-mctaggart-zk3wOE', 'author_sequence_number': 1, 'affiliations': [None], 'affiliation_slugs': [None]}]",1893,"['0026-4423', '1460-2113']",0,0,1,1,https://scite.ai/reports/v-time-and-the-hegelian-dialectic-00eYxP
mind,10.1093/mind/iv.14.236,ON THE DIFFERENCE OF TIME AND RHYTHM IN MUSIC,"[{'author_name': 'E. T. Dixon', 'author_slug': 'e-t-dixon-1eGvzM', 'author_sequence_number': 1, 'affiliations': [None], 'affiliation_slugs': [None]}]",1895,"['0026-4423', '1460-2113']",0,0,1,1,https://scite.ai/reports/on-the-difference-of-time-MEmAMd
mind,10.1093/mind/os-x.38.200,II. —PROFESSOR SIDGWICK'S UTILITARIANISM,"[{'author_name': 'Hastings Rashdall', 'author_slug': 'hastings-rashdall-zE6EEQ', 'author_sequence_number': 1, 'affiliations': [None], 'affiliation_slugs': [None]}]",1885,"['0026-4423', '1460-2113']",0,0,0,1,https://scite.ai/reports/ii-professor-sidgwick-s-utilitarianism-Z540yr
mind,10.1093/mind/os-12.46.314a,On a Feature of Active Attention,"[{'author_name': 'F. H. BRADLEY', 'author_slug': 'f-h-bradley-NmMvZag', 'author_sequence_number': 1, 'affiliations': [None], 'affiliation_slugs': [None]}]",1887,"['1460-2113', '0026-4423']",0,0,1,1,https://scite.ai/reports/on-a-feature-of-active-RxdPxW
mind,10.1093/mind/os-1.2.179,III.—MR. SIDGWICK'S METHODS OF ETHICS,"[{'author_name': 'A. Bain', 'author_slug': 'a-bain-Q3RMPJ', 'author_sequence_number': 1, 'affiliations': [None], 'affiliation_slugs': [None]}]",1876,"['0026-4423', '1460-2113']",0,0,1,1,https://scite.ai/reports/iii-mr-sidgwick-s-i-methods-of-ethics-i-MEmrPk
mind,10.1093/mind/xiv.56.473,I.—SOME FUNDAMENTAL ETHICAL CONTROVERSIES,"[{'author_name': 'Henry Sidgwick', 'author_slug': 'henry-sidgwick-Rape14', 'author_sequence_number': 1, 'affiliations': [None], 'affiliation_slugs': [None]}]",1889,"['0026-4423', '1460-2113']",0,0,1,1,https://scite.ai/reports/i-some-fundamental-ethical-controversies-3bgDJK
mind,10.1093/mind/1.3.403,"FEELING, BELIEF, AND JUDGMENT","[{'author_name': 'J. Mark Baldwin', 'author_slug': 'j-mark-baldwin-A3NDryO', 'author_sequence_number': 1, 'affiliations': [None], 'affiliation_slugs': [None]}]",1892,"['0026-4423', '1460-2113']",0,0,1,1,https://scite.ai/reports/feeling-belief-and-judgment-e5kdJ2
mind,10.1093/mind/os-12.46.161,I—ON ‘ ASSOCIATION’-CONTROVERSIES,"[{'author_name': 'A. Bain', 'author_slug': 'a-bain-el2dZZ', 'author_sequence_number': 1, 'affiliations': [None], 'affiliation_slugs': [None]}]",1887,"['0026-4423', '1460-2113']",0,0,1,1,https://scite.ai/reports/i-on-association-controversies-00e3vA
mind,10.1093/mind/vi.4.536,ARISTOTLE'S EXPLANATION OF AKPAΣIA,"[{'author_name': 'David George Ritchie', 'author_slug': 'david-george-ritchie-RLMmlp', 'author_sequence_number': 1, 'affiliations': [None], 'affiliation_slugs': [None]}]",1897,"['0026-4423', '1460-2113']",0,0,0,1,https://scite.ai/reports/aristotle-s-explanation-of-akpaσia-v6PzM2
mind,10.1093/mind/os-ix.35.406,FREE-WILL—OBSERVATIONS AND INFERENCES,"[{'author_name': 'Francis Galton', 'author_slug': 'francis-galton-ykAXp', 'author_sequence_number': 1, 'affiliations': [None], 'affiliation_slugs': [None]}]",1884,"['0026-4423', '1460-2113']",0,0,1,1,https://scite.ai/reports/free-will-observations-and-inferences-b5JEyr
mind,10.1093/mind/iii.12.474,"III.—PSYCHOLOGY, EPISTEMOLOGY, ONTOLOGY, COMPARED AND DISTINGUISHED","[{'author_name': 'S. H. Mellone', 'author_slug': 's-h-mellone-Y0e6OE', 'author_sequence_number': 1, 'affiliations': [None], 'affiliation_slugs': [None]}]",1894,"['0026-4423', '1460-2113']",0,0,1,1,https://scite.ai/reports/iii-psychology-epistemology-ontology-compared-and-PyJMJ2
mind,10.1093/mind/ns-5.18.186,"III.--SENSE, MEANING AND INTERPRETATION. (II.)","[{'author_name': 'Victoria Lady Welby', 'author_slug': 'victoria-lady-welby-3aKXGA', 'author_sequence_number': 1, 'affiliations': [None], 'affiliation_slugs': [None]}]",1896,"['0026-4423', '1460-2113']",0,0,1,1,https://scite.ai/reports/iii-sense-meaning-and-interpretation-ii-W5Jz3g
mind,10.1093/mind/os-vi.23.301,I.—THE HISTORY OF THE WORD ‘MIND’,"[{'author_name': 'J. Earle', 'author_slug': 'j-earle-X4G0ry', 'author_sequence_number': 1, 'affiliations': [None], 'affiliation_slugs': [None]}]",1881,"['0026-4423', '1460-2113']",0,0,1,1,https://scite.ai/reports/i-the-history-of-the-word-x01zZ3
mind,10.1093/mind/vii.25.1,I.—HEGEL'S THEORY OF THE POLITICAL ORGANISM1,"[{'author_name': 'Bernard Bosanquet', 'author_slug': 'bernard-bosanquet-M88GX', 'author_sequence_number': 1, 'affiliations': [None], 'affiliation_slugs': [None]}]",1898,"['0026-4423', '1460-2113']",0,0,1,1,https://scite.ai/reports/i-hegel-s-theory-of-the-political-Emd5X1
mind,10.1093/mind/os-v.20.528,V.--THE METHOD OF KANT,"[{'author_name': 'Junji Cao', 'author_slug': 'junji-cao-yJ4d4W', 'author_sequence_number': 1, 'author_orcid': '0000-0002-1752-6899', 'affiliations': [None], 'affiliation_slugs': [None]}]",1880,"['0026-4423', '1460-2113']",0,0,1,1,https://scite.ai/reports/v-the-method-of-kant-l3ENxE
mind,10.1093/mind/v.1.103,VII.—CRITICAL NOTICES,"[{'author_name': 'E. E. C. Jones', 'author_slug': 'e-e-c-jones-MQGDQd', 'author_sequence_number': 1, 'affiliations': [None], 'affiliation_slugs': [None]}]",1896,"['0026-4423', '1460-2113']",0,0,1,1,https://scite.ai/reports/vii-critical-notices-zgA6k3
mind,10.1093/mind/iv.16.425,I.—NOTES ON THE THEORY OF VALUE,"[{'author_name': 'None David Mackenzie', 'author_slug': 'none-david-mackenzie-VxdZ8AJ', 'author_sequence_number': 1, 'affiliations': [None], 'affiliation_slugs': [None]}]",1895,"['0026-4423', '1460-2113']",0,0,1,1,https://scite.ai/reports/i-notes-on-the-theory-of-98yQlb
mind,10.1093/mind/os-xiii.51.356,III.—THE PHILOSOPHICAL IMPORTANCE OF A TRUE THEORY OF IDENTITY,"[{'author_name': 'Bernard Bosanquet', 'author_slug': 'bernard-bosanquet-M88GX', 'author_sequence_number': 1, 'affiliations': [None], 'affiliation_slugs': [None]}]",1888,"['0026-4423', '1460-2113']",0,0,1,1,https://scite.ai/reports/iii-the-philosophical-importance-of-a-we9YXr
mind,10.1093/mind/os-2.7.409,VIII.—NOTES,"[{'author_name': 'Rayleigh,', 'author_slug': 'rayleigh-KgRXw01', 'author_sequence_number': 1, 'affiliations': [None], 'affiliation_slugs': [None]}]",1877,"['0026-4423', '1460-2113']",0,0,1,1,https://scite.ai/reports/viii-notes-yGWYOp
mind,10.1093/mind/os-vi.21.1,I—ILLUSIONS OF INTROSPECTION,"[{'author_name': 'James Sully', 'author_slug': 'james-sully-Jx2Jr6', 'author_sequence_number': 1, 'affiliations': [None, None, None, None, None, None, None, None, None], 'affiliation_slugs': [None, None, None, None, None, None, None, None, None]}]",1881,"['0026-4423', '1460-2113']",0,0,1,1,https://scite.ai/reports/i-illusions-of-introspection-1GmP3V
mind,10.1093/mind/1.2.188,II.—THE CHANGES OF METHOD IN HEGEL'S DIALECTIC. (II.),"[{'author_name': 'J. Ellis McTaggart', 'author_slug': 'j-ellis-mctaggart-zk3wOE', 'author_sequence_number': 1, 'affiliations': [None], 'affiliation_slugs': [None]}]",1892,"['0026-4423', '1460-2113']",0,0,1,1,https://scite.ai/reports/ii-the-changes-of-method-in-Jg2yR0
mind,10.1093/mind/iii.9.1,HEGELIANISM AND ITS CRITICS,"[{'author_name': 'A. Seth', 'author_slug': 'a-seth-ZANg22', 'author_sequence_number': 1, 'affiliations': [None], 'affiliation_slugs': [None]}]",1894,"['0026-4423', '1460-2113']",0,0,1,1,https://scite.ai/reports/hegelianism-and-its-critics-n9yYVn
mind,10.1093/mind/os-4.15.408,THE SO-CALLED IDEALISM OF KANT,"[{'author_name': 'Henry Sidgwick', 'author_slug': 'henry-sidgwick-Rape14', 'author_sequence_number': 1, 'affiliations': [None], 'affiliation_slugs': [None]}]",1879,"['0026-4423', '1460-2113']",0,0,1,1,https://scite.ai/reports/the-so-called-idealism-of-kant-yGWY6M
mind,10.1093/mind/iv.14.176,III.—ON THE SUPPOSED USELESSNESS OF THE SOUL,"[{'author_name': 'F. H. Bradley', 'author_slug': 'f-h-bradley-j0D1Ry', 'author_sequence_number': 1, 'affiliations': [None], 'affiliation_slugs': [None]}]",1895,"['0026-4423', '1460-2113']",0,0,1,1,https://scite.ai/reports/iii-on-the-supposed-uselessness-of-1GmMNE
mind,10.1093/mind/ns-5.18.227,SELF-KNOWLEDGE,"[{'author_name': 'Beare, J. I.', 'author_slug': 'beare-j-i-ADM13Va', 'author_sequence_number': 1, 'affiliations': [None], 'affiliation_slugs': [None]}]",1896,"['0026-4423', '1460-2113']",0,0,0,1,https://scite.ai/reports/self-knowledge-zgAMEK
mind,10.1093/mind/os-12.48.583,V.—CRITICAL NOTICES,"[{'author_name': 'J. McK CATTELL', 'author_slug': 'j-mck-cattell-gRlGj9n', 'author_sequence_number': 1, 'affiliations': [None], 'affiliation_slugs': [None]}]",1887,"['0026-4423', '1460-2113']",0,0,1,1,https://scite.ai/reports/v-critical-notices-AAyErL
mind,10.1093/mind/os-xiii.51.383,V.—THE LESSON OF NEO-SCHOLASTICISM,"[{'author_name': 'Francis Winterton', 'author_slug': 'francis-winterton-vLArXN', 'author_sequence_number': 1, 'affiliations': [None], 'affiliation_slugs': [None]}]",1888,"['0026-4423', '1460-2113']",0,0,1,1,https://scite.ai/reports/v-the-lesson-of-neo-scholasticism-pWy3dN
mind,10.1093/mind/os-1.4.552,I.—PATHOLOGICAL,"[{'author_name': 'William R. Gowers', 'author_slug': 'william-r-gowers-y3JxggW', 'author_sequence_number': 1, 'affiliations': [None], 'affiliation_slugs': [None]}]",1876,"['0026-4423', '1460-2113']",0,0,0,1,https://scite.ai/reports/i-pathological-Q8V3GJ